T,Python Forward,CUDA Forward,CUDA MS Forward,Python FB,CUDA FB,CUDA MS FB
8,1.268970198,0.553146532,0.063583284,4.799259776,1.436236911,0.289726362
16,2.592274388,1.069031863,0.065308387,7.427763028,3.084241311,0.284005163
32,4.906598456,2.049041044,0.068772124,15.38050406,5.489842319,0.422514589
64,9.582090764,4.050089068,0.086260377,32.96750279,10.16138954,0.288859489
128,19.3521276,7.874332743,0.116174183,63.5290905,20.46709784,0.295422211
