Wall time,Step,Value
1594625236.6092527,0,0.6322872042655945
1594625445.082446,1,0.7298892736434937
1594625652.806396,2,0.7712613344192505
1594625861.0219026,3,0.758371114730835
1594626069.6194465,4,0.7803661823272705
1594626278.20832,5,0.7736292481422424
1594626486.653209,6,0.7861359119415283
1594626695.4092813,7,0.7865361571311951
1594626904.6188736,8,0.780316174030304
