T,Python Forward,CUDA Forward,CUDA MS Forward,Python FB,CUDA FB,CUDA MS FB
8,1.670150229,0.442490448,0.054781786,4.832853654,1.891514792,0.330516937
16,3.237690733,0.811060494,0.055097989,9.511920675,3.515995234,0.3292085
32,6.348427949,1.53813475,0.055016984,18.87033806,6.747562523,0.329787999
64,12.58760894,2.986507736,0.055044252,38.79206965,13.19551401,0.366977732
128,25.13591411,5.878437402,0.065404812,75.05335126,27.01624324,0.333082407
