T,Python Forward,CUDA Forward,CUDA MS Forward,Python FB,CUDA FB,CUDA MS FB
8,1.202718244,0.317676658,0.037397869,4.733593519,1.395481756,0.289554911
16,2.316153978,0.583869636,0.03860268,7.594537262,3.141753236,0.562587512
32,4.504981371,1.1035656,0.039648707,15.621845,5.426582513,0.515836455
64,8.957112173,2.101144377,0.04390398,32.04859962,11.18031386,0.286805795
128,17.92872183,4.223306858,0.057996856,60.52553526,20.54842408,0.284377212
