T,Torch Forward,Cupy Forward,Torch Forward and Backward,Cupy Forward and Backward
8,1.918084553,0.816652973,8.1317922,1.65018172
16,3.814353696,1.600244271,21.89934095,3.210343387
32,7.607132896,3.257046745,66.34630815,6.417304322
64,15.18167671,6.828081957,226.2083555,13.07384557
128,30.34463204,14.05356507,827.6064752,26.71502177
