T,Python Forward,CUDA Forward,CUDA MS Forward,Python FB,CUDA FB,CUDA MS FB
8,1.495931436,0.566855987,0.23965467,6.444244811,4.052604412,1.481916649
16,2.921243163,1.093563195,0.423920462,16.36016727,11.78522053,2.862522047
32,5.750313466,2.15672793,0.800143976,47.86415797,38.88952819,5.645714412
64,11.51070534,4.273202214,1.560730856,157.5304996,139.5902183,11.36787051
128,22.88428283,8.508097553,3.177808065,562.9168438,526.8922437,22.94580671
